review_id,product,review_text
1,desk lamp,"Awful experience, this desk lamp does not work as advertised."
2,office chair,Excellent customer service and a lovely office chair.
3,yoga mat,"I absolutely love this yoga mat, it works perfectly!"
4,coffee maker,"Very disappointed with this coffee maker, waste of money."
5,blender,Excellent customer service and a lovely blender.
6,tablet stand,Excellent customer service and a lovely tablet stand.
7,desk lamp,Excellent customer service and a lovely desk lamp.
8,blender,"Great quality blender for the price, very happy with it."
9,keyboard,The keyboard is cheaply made and feels flimsy.
10,phone case,"This phone case is a perfect fit for my needs, love it."
11,blender,"Worst purchase ever, this blender is a complete waste."
12,coffee maker,Fast shipping and the coffee maker is fantastic.
13,blender,"Awful experience, this blender does not work as advertised."
14,wireless mouse,The wireless mouse is cheaply made and feels flimsy.
15,desk lamp,"The desk lamp is fine, not great but not bad either."
16,backpack,The backpack is cheaply made and feels flimsy.
17,desk lamp,This desk lamp is functional but a bit plain looking.
18,desk lamp,"Very disappointed with this desk lamp, waste of money."
19,office chair,"Best office chair I've ever bought, excellent value."
20,wireless mouse,The wireless mouse is cheaply made and feels flimsy.
21,coffee maker,"I hate this coffee maker, it stopped working almost immediately."
22,backpack,"Awful experience, this backpack does not work as advertised."
23,keyboard,"I hate this keyboard, it stopped working almost immediately."
24,headphones,"Awful experience, this headphones does not work as advertised."
25,blender,The blender arrived damaged and customer service was unhelpful.
26,laptop bag,"Superb build quality, this laptop bag is amazing."
27,tablet stand,"Very disappointed with this tablet stand, waste of money."
28,desk lamp,"Received the desk lamp as described, no complaints so far."
29,coffee maker,"Received the coffee maker as described, no complaints so far."
30,coffee maker,The coffee maker is cheaply made and feels flimsy.
31,headphones,The headphones is cheaply made and feels flimsy.
32,keyboard,The keyboard is cheaply made and feels flimsy.
33,headphones,"Poor quality headphones, would not recommend to anyone."
34,coffee maker,"Terrible coffee maker, arrived late and completely broken."
35,tablet stand,The tablet stand arrived damaged and customer service was unhelpful.
36,running shoes,"This running shoes is not bad at all, pretty good actually."
37,phone case,"Really impressed with this phone case, will buy again."
38,headphones,"I don't love this headphones, but it's not terrible either."
39,bluetooth speaker,"Received the bluetooth speaker as described, no complaints so far."
40,blender,"This blender broke after two days, terrible quality."
41,blender,Excellent customer service and a lovely blender.
42,office chair,The office chair is cheaply made and feels flimsy.
43,keyboard,"I absolutely love this keyboard, it works perfectly!"
44,backpack,"This backpack is slow, buggy, and frustrating to use."
45,wireless mouse,"I wouldn't say this wireless mouse is amazing, but it's not awful."
46,backpack,Excellent customer service and a lovely backpack.
47,laptop bag,"Not the best laptop bag I've owned, but it's decent."
48,wireless mouse,The wireless mouse arrived damaged and customer service was unhelpful.
49,bluetooth speaker,This bluetooth speaker is functional but a bit plain looking.
50,blender,"The blender arrived on time, packaging was standard."
51,blender,The blender is cheaply made and feels flimsy.
52,office chair,"This office chair works fine, average quality for the price."
53,laptop bag,The laptop bag is cheaply made and feels flimsy.
54,laptop bag,The laptop bag arrived damaged and customer service was unhelpful.
55,wireless mouse,"Not the best wireless mouse I've owned, but it's decent."
56,water bottle,"Really impressed with this water bottle, will buy again."
57,blender,"Worst purchase ever, this blender is a complete waste."
58,tablet stand,"This tablet stand works fine, average quality for the price."
59,water bottle,"This water bottle broke after two days, terrible quality."
60,headphones,"I don't love this headphones, but it's not terrible either."
61,tablet stand,The tablet stand is cheaply made and feels flimsy.
62,yoga mat,"Best yoga mat I've ever bought, excellent value."
63,phone case,"This phone case is slow, buggy, and frustrating to use."
64,coffee maker,"Really impressed with this coffee maker, will buy again."
65,wireless mouse,"Not the best wireless mouse I've owned, but it's decent."
66,desk lamp,"The desk lamp is okay, does what it says, nothing special."
67,yoga mat,Fast shipping and the yoga mat is fantastic.
68,water bottle,"I absolutely love this water bottle, it works perfectly!"
69,running shoes,This running shoes is functional but a bit plain looking.
70,backpack,The backpack works great and looks wonderful.
71,bluetooth speaker,The bluetooth speaker arrived damaged and customer service was unhelpful.
72,blender,Fast shipping and the blender is fantastic.
73,desk lamp,"The desk lamp is fine, not great but not bad either."
74,blender,"This blender is a perfect fit for my needs, love it."
75,water bottle,Excellent customer service and a lovely water bottle.
76,yoga mat,"Awful experience, this yoga mat does not work as advertised."
77,bluetooth speaker,"This bluetooth speaker is not bad at all, pretty good actually."
78,yoga mat,"This yoga mat is a perfect fit for my needs, love it."
79,wireless mouse,"This wireless mouse is not bad at all, pretty good actually."
80,water bottle,"Poor quality water bottle, would not recommend to anyone."
81,blender,"I absolutely love this blender, it works perfectly!"
82,headphones,"Terrible headphones, arrived late and completely broken."
83,headphones,The headphones works great and looks wonderful.
84,desk lamp,"I wouldn't say this desk lamp is amazing, but it's not awful."
85,laptop bag,"Superb build quality, this laptop bag is amazing."
86,water bottle,An acceptable water bottle for casual use.
87,wireless mouse,"The wireless mouse is fine, not great but not bad either."
88,wireless mouse,"This wireless mouse exceeded my expectations, highly recommend."
89,tablet stand,"This tablet stand isn't great, honestly quite disappointing."
90,office chair,"This office chair broke after two days, terrible quality."
91,bluetooth speaker,"Really impressed with this bluetooth speaker, will buy again."
92,water bottle,"This water bottle is slow, buggy, and frustrating to use."
93,coffee maker,"Terrible coffee maker, arrived late and completely broken."
94,tablet stand,"I don't love this tablet stand, but it's not terrible either."
95,coffee maker,"The coffee maker arrived on time, packaging was standard."
96,laptop bag,The laptop bag works great and looks wonderful.
97,coffee maker,"Worst purchase ever, this coffee maker is a complete waste."
98,blender,"Received the blender as described, no complaints so far."
99,blender,"This blender is a perfect fit for my needs, love it."
100,yoga mat,"Worst purchase ever, this yoga mat is a complete waste."
101,water bottle,"This water bottle exceeded my expectations, highly recommend."
102,phone case,"Really impressed with this phone case, will buy again."
103,keyboard,"Received the keyboard as described, no complaints so far."
104,desk lamp,"Superb build quality, this desk lamp is amazing."
105,tablet stand,Excellent customer service and a lovely tablet stand.
106,backpack,"I don't love this backpack, but it's not terrible either."
107,phone case,"I hate this phone case, it stopped working almost immediately."
108,tablet stand,"Worst purchase ever, this tablet stand is a complete waste."
109,desk lamp,"This desk lamp broke after two days, terrible quality."
110,phone case,"Great quality phone case for the price, very happy with it."
111,blender,The blender arrived damaged and customer service was unhelpful.
112,bluetooth speaker,"This bluetooth speaker works fine, average quality for the price."
113,water bottle,"Poor quality water bottle, would not recommend to anyone."
114,headphones,"I don't love this headphones, but it's not terrible either."
115,wireless mouse,"The wireless mouse arrived on time, packaging was standard."
116,backpack,"The backpack arrived on time, packaging was standard."
117,office chair,"The office chair is okay, does what it says, nothing special."
118,phone case,"This phone case exceeded my expectations, highly recommend."
119,running shoes,"This running shoes isn't great, honestly quite disappointing."
120,laptop bag,"This laptop bag broke after two days, terrible quality."
121,office chair,"This office chair exceeded my expectations, highly recommend."
122,bluetooth speaker,"Superb build quality, this bluetooth speaker is amazing."
123,headphones,"This headphones exceeded my expectations, highly recommend."
124,coffee maker,"Superb build quality, this coffee maker is amazing."
125,water bottle,"I don't love this water bottle, but it's not terrible either."
126,blender,"Really impressed with this blender, will buy again."
127,headphones,Fast shipping and the headphones is fantastic.
128,desk lamp,"Worst purchase ever, this desk lamp is a complete waste."
129,coffee maker,"I wouldn't say this coffee maker is amazing, but it's not awful."
130,laptop bag,"I hate this laptop bag, it stopped working almost immediately."
131,yoga mat,"This yoga mat isn't great, honestly quite disappointing."
132,office chair,"The office chair is fine, not great but not bad either."
133,running shoes,"The running shoes is okay, does what it says, nothing special."
134,office chair,"Not the best office chair I've owned, but it's decent."
135,desk lamp,"It's a decent desk lamp, does the job but nothing more."
136,running shoes,"Received the running shoes as described, no complaints so far."
137,water bottle,"Superb build quality, this water bottle is amazing."
138,running shoes,"It's a decent running shoes, does the job but nothing more."
139,office chair,"Received the office chair as described, no complaints so far."
140,laptop bag,"I don't love this laptop bag, but it's not terrible either."
141,desk lamp,"Worst purchase ever, this desk lamp is a complete waste."
142,headphones,The headphones works great and looks wonderful.
143,blender,"I absolutely love this blender, it works perfectly!"
144,blender,"The blender is fine, not great but not bad either."
145,yoga mat,"Received the yoga mat as described, no complaints so far."
146,water bottle,"This water bottle is a perfect fit for my needs, love it."
147,wireless mouse,"This wireless mouse exceeded my expectations, highly recommend."
148,desk lamp,The desk lamp arrived damaged and customer service was unhelpful.
149,running shoes,"This running shoes exceeded my expectations, highly recommend."
150,water bottle,The water bottle arrived damaged and customer service was unhelpful.
151,headphones,"This headphones is a perfect fit for my needs, love it."
152,office chair,An acceptable office chair for casual use.
153,wireless mouse,"This wireless mouse exceeded my expectations, highly recommend."
154,yoga mat,"The yoga mat is fine, not great but not bad either."
155,water bottle,"I don't love this water bottle, but it's not terrible either."
156,coffee maker,An acceptable coffee maker for casual use.
157,keyboard,"Not the best keyboard I've owned, but it's decent."
158,laptop bag,"Terrible laptop bag, arrived late and completely broken."
159,water bottle,"This water bottle is a perfect fit for my needs, love it."
160,office chair,"This office chair works fine, average quality for the price."
161,desk lamp,Fast shipping and the desk lamp is fantastic.
162,headphones,"I don't love this headphones, but it's not terrible either."
163,laptop bag,"Received the laptop bag as described, no complaints so far."
164,bluetooth speaker,"Great quality bluetooth speaker for the price, very happy with it."
165,laptop bag,The laptop bag works great and looks wonderful.
166,running shoes,"I don't love this running shoes, but it's not terrible either."
167,yoga mat,The yoga mat works great and looks wonderful.
168,bluetooth speaker,"This bluetooth speaker isn't great, honestly quite disappointing."
169,backpack,"Really impressed with this backpack, will buy again."
170,tablet stand,"Very disappointed with this tablet stand, waste of money."
171,water bottle,"Superb build quality, this water bottle is amazing."
172,water bottle,"It's a decent water bottle, does the job but nothing more."
173,office chair,"It's a decent office chair, does the job but nothing more."
174,phone case,"This phone case is a perfect fit for my needs, love it."
175,headphones,"The headphones is okay, does what it says, nothing special."
176,keyboard,"This keyboard is a perfect fit for my needs, love it."
177,wireless mouse,"It's a decent wireless mouse, does the job but nothing more."
178,water bottle,"Awful experience, this water bottle does not work as advertised."
179,tablet stand,"It's a decent tablet stand, does the job but nothing more."
180,keyboard,"This keyboard works fine, average quality for the price."
